source,term_id,term_name,p_value,intersection_size,intersection
GO:BP,GO:0008652,cellular amino acid biosynthetic process,0.0014043697797043733,11,"CG7470,pyd3,CG1673,Eip55E,CG17486,aay,CG10623,su(r),pug,slgA,CG31115"
GO:BP,GO:0055114,oxidation-reduction process,0.0016208610338070669,51,"CG7470,Cyp6a9,GILT1,CG3902,CG8306,GstT3,Cyp9f2,CG15629,Cyp6v1,CG6287,CG9527,CG10512,CG33099,D2hgdh,Acox57D-d,Gdh,Drat,CG2767,CG6084,Sccpdh2,Cyp9f3,glob1,Marc,Cyp6w1,su(r),CG1275,CG32026,CG7322,Mgstl,CG3301,Cyp6a20,pug,CG3597,Cyp317a1,Cyp4ac1,Cyp4ac2,Irc,Cyp4ac3,CG31674,CG9471,CG10337,CG9314,Prx2540-2,CG3270,CG12539,GstT2,Gpo2,slgA,UQCR-11L,CG15093,ND-51L1"
GO:BP,GO:0044283,small molecule biosynthetic process,0.0036472288731419205,27,"CG7470,PCB,pyd3,mld,CG1673,Eip55E,Adgf-A,CG11453,Pgk,CG17486,Sps2,Ptth,aay,CG10623,su(r),fbp,Pdxk,CG11883,Mgstl,pug,CG12512,CG30008,ELOVL,Adgf-A2,slgA,CG31115,CG17028"
GO:BP,GO:0019991,septate junction assembly,0.0036472288731419205,9,"Nrx-IV,Cont,Mcr,Tsf2,sinu,pck,vari,pasi2,cold"
GO:BP,GO:0043297,apical junction assembly,0.0036472288731419205,10,"btsz,Nrx-IV,Cont,Mcr,Tsf2,sinu,pck,vari,pasi2,cold"
GO:BP,GO:0120192,tight junction assembly,0.004495368453409625,9,"Nrx-IV,Cont,Mcr,Tsf2,sinu,pck,vari,pasi2,cold"
GO:BP,GO:0120193,tight junction organization,0.004495368453409625,9,"Nrx-IV,Cont,Mcr,Tsf2,sinu,pck,vari,pasi2,cold"
GO:BP,GO:1901607,alpha-amino acid biosynthetic process,0.0066466095331729055,9,"CG7470,Eip55E,CG17486,Sps2,aay,CG10623,pug,slgA,CG31115"
GO:BP,GO:0016053,organic acid biosynthetic process,0.0066466095331729055,17,"CG7470,pyd3,CG1673,Eip55E,CG11453,CG17486,Sps2,aay,CG10623,su(r),Mgstl,pug,CG12512,CG30008,ELOVL,slgA,CG31115"
GO:BP,GO:0044281,small molecule metabolic process,0.011713393171183107,56,"CG7470,PCB,pyd3,mld,CG1673,Paics,CG8306,Eip55E,Adgf-A,CG6287,CG9527,D2hgdh,Acox57D-d,CG11453,Gdh,Drat,Pgk,Pgm1,Pglym78,CARPB,CG17486,Sfxn2,CG7362,Gip,Mpc1,Sps2,Ptth,AhcyL2,aay,CG10623,su(r),CG32026,Ady43A,fbp,Pdxk,CG7322,CG11883,CG11593,Galk,Mgstl,CG33958,pug,CG42514,CAHbeta,CG12512,CG30008,ELOVL,CG12539,Gpo2,Mthfs,Adgf-A2,slgA,CG31115,CG8080,CG17028,CG15093"
GO:BP,GO:0046394,carboxylic acid biosynthetic process,0.011713393171183107,16,"CG7470,pyd3,CG1673,Eip55E,CG11453,CG17486,aay,CG10623,su(r),Mgstl,pug,CG12512,CG30008,ELOVL,slgA,CG31115"
GO:BP,GO:0060856,establishment of blood-brain barrier,0.02002837582654467,6,"Nrx-IV,Cont,sinu,pck,pasi2,cold"
GO:BP,GO:0007043,cell-cell junction assembly,0.02002837582654467,10,"btsz,Nrx-IV,Cont,Mcr,Tsf2,sinu,pck,vari,pasi2,cold"
GO:BP,GO:0043436,oxoacid metabolic process,0.028238654278816496,31,"CG7470,PCB,pyd3,CG1673,Eip55E,CG6287,CG9527,D2hgdh,Acox57D-d,CG11453,Gdh,Pgk,Pglym78,CG17486,CG7362,Gip,Mpc1,Sps2,aay,CG10623,su(r),CG32026,CG11593,Mgstl,pug,CG12512,CG30008,ELOVL,slgA,CG31115,CG15093"
GO:BP,GO:0006082,organic acid metabolic process,0.037472985323582494,31,"CG7470,PCB,pyd3,CG1673,Eip55E,CG6287,CG9527,D2hgdh,Acox57D-d,CG11453,Gdh,Pgk,Pglym78,CG17486,CG7362,Gip,Mpc1,Sps2,aay,CG10623,su(r),CG32026,CG11593,Mgstl,pug,CG12512,CG30008,ELOVL,slgA,CG31115,CG15093"
GO:BP,GO:0060857,establishment of glial blood-brain barrier,0.04000584280415441,5,"Nrx-IV,Cont,sinu,pck,pasi2"
GO:BP,GO:0019752,carboxylic acid metabolic process,0.04400765408807589,30,"CG7470,PCB,pyd3,CG1673,Eip55E,CG6287,CG9527,D2hgdh,Acox57D-d,CG11453,Gdh,Pgk,Pglym78,CG17486,CG7362,Gip,Mpc1,Sps2,aay,CG10623,su(r),CG32026,Mgstl,pug,CG12512,CG30008,ELOVL,slgA,CG31115,CG15093"
GO:BP,GO:0045216,cell-cell junction organization,0.04796472830176963,11,"btsz,Nrx-IV,Cont,Mmp1,Mcr,Tsf2,sinu,pck,vari,pasi2,cold"
GO:BP,GO:0009250,glucan biosynthetic process,0.04813341337082153,4,"Pgm1,Gyg,AGBE,CG9485"
GO:BP,GO:0005978,glycogen biosynthetic process,0.04813341337082153,4,"Pgm1,Gyg,AGBE,CG9485"
GO:MF,GO:0016491,oxidoreductase activity,0.002957959308464881,51,"CG7470,Cyp6a9,GILT1,CG3902,CG8306,GstT3,Cyp9f2,CG15629,Cyp6v1,CG6287,CG9527,CG10512,CG33099,D2hgdh,Acox57D-d,Gdh,Drat,CG2767,CG6084,Sccpdh2,Cyp9f3,glob1,Marc,Cyp6w1,su(r),CG1275,CG32026,CG7322,Mgstl,CG3301,Cyp6a20,pug,CG3597,Cyp317a1,Cyp4ac1,Cyp4ac2,Irc,Cyp4ac3,CG31674,CG9471,CG10337,CG9314,Prx2540-2,CG3270,CG12539,GstT2,Gpo2,slgA,UQCR-11L,CG15093,ND-51L1"
GO:MF,GO:0005534,galactose binding,0.006840211841163045,6,"lectin-46Ca,Galk,lectin-46Cb,lectin-37Db,lectin-37Da,Lectin-galC1"
GO:MF,GO:0003824,catalytic activity,0.00955581976851453,208,"CG32091,CG7470,Wsck,Cyp6a9,CG13375,PCB,CG18135,sick,sol,GILT1,pyd3,Tina-1,CG2201,CG12099,CG31248,Ret,CG3902,Argk,alpha-Est5,CG11241,CG6966,CG1673,Chd1,Paics,CG30287,CG8306,CG33226,GstT3,E23,Cyp9f2,CG15629,Parp,Eip55E,Cyp6v1,Mmp1,CG30283,Adgf-A,CG6287,Atet,CG9527,Myo28B1,CG10512,CG33099,Vha100-2,Slip1,CaMKI,D2hgdh,Acox57D-d,CG11453,CalpA,Kul,Gdh,Sik3,CG3277,Drat,CG2767,Set2,Pgk,CG9384,betaGlu,Strica,CG4325,CG6084,Sccpdh2,Pgm1,Asator,Cyp9f3,Pglym78,CARPB,CycB3,Glyat,CG15385,CG17486,CG8908,glob1,dnt,CG31793,CG7362,Gip,CG1427,Sps2,mtDNA-helicase,IKKbeta,alpha-Est1,AhcyL2,Gyg,EndoU,Den1,aay,Marc,Nna1,Cyp6w1,Ugt304A1,CG6800,AGBE,CG10623,su(r),CG4752,CG1275,CG32026,Ady43A,fbp,CG6656,Pdxk,Nep3,CG7322,Lip4,CG11883,HDAC11,CG11593,Galk,CG16710,gol,St3,Mgstl,CG33958,CG31751,CG31213,CG10098,CG12177,CG3301,CG9394,Cyp6a20,pug,CG4678,Rtca,CG10472,Chs2,wit,l(3)72Dp,CG11836,CG3597,ttm2,yellow-d2,CG32845,CG7120,CG8509,CG42514,CG2059,laza,CG8128,Cyp317a1,Cyp4ac1,CAHbeta,Cyp4ac2,CG12512,CG31019,Irc,Dhc62B,Cyp4ac3,CG30286,CG30008,CG17597,CG31674,CG9471,ste24b,CG11619,CG34161,Pcyt2,CG44249,CG9447,CG10365,CG10337,Pkg21D,CG32147,CG9314,ELOVL,Prx2540-2,RhoU,CG8800,yellow-d,CG12910,CG9485,CG3270,gskt,CG5246,CG43110,CG12539,Ugt36A1,RabX4,Nepl14,GstT2,Gpo2,teq,Nepl13,Mthfs,Adgf-A2,slgA,UQCR-11L,cu,CG31115,Idgf6,CG8080,CG10469,CG17028,CG6225,CG11630,twe,CG7694,CG31807,Jon99Fii,CG10793,CG32523,CG15093,ND-51L1,TTLL6B,sxe2,CG31683"
KEGG,KEGG:01100,Metabolic pathways,1.4079041114209583e-8,70,"CG7470,PCB,pyd3,CG2201,CG3902,CG11241,CG1673,Paics,GstT3,Eip55E,Adgf-A,CG6287,CG9527,Vha100-2,Acox57D-d,Gdh,CG2767,Set2,Pgk,CG9384,betaGlu,CG6084,Pgm1,Pglym78,CG31793,CG7362,Gip,CG1427,Sps2,AhcyL2,Gyg,aay,Ugt304A1,AGBE,CG10623,su(r),CG4752,CG32026,Ady43A,fbp,CG6656,Pdxk,CG7322,CG11883,Mgstl,CG31751,pug,Chs2,CG3597,CG7966,laza,CAHbeta,CG17597,CG34161,Pcyt2,CG10365,CG9314,Prx2540-2,CG9485,Ugt36A1,GstT2,Mthfs,Adgf-A2,slgA,UQCR-11L,CG31115,CG8080,CG17028,CG15093,ND-51L1"
KEGG,KEGG:01230,Biosynthesis of amino acids,0.0029043230660239865,10,"CG7470,PCB,CG1673,Eip55E,CG6287,Pgk,Pglym78,CG7362,aay,CG32026"
KEGG,KEGG:01200,Carbon metabolism,0.0036137693701854532,13,"PCB,CG6287,CG9527,Acox57D-d,Gdh,Pgk,Pglym78,CG7362,aay,CG32026,fbp,CG9314,CG15093"
KEGG,KEGG:00270,Cysteine and methionine metabolism,0.0036137693701854532,7,"CG11241,CG1673,Eip55E,CG6287,AhcyL2,CG10623,CG31115"
KEGG,KEGG:04711,Circadian rhythm - fly,0.01187781900835894,4,"vri,cyc,Clk,gskt"
KEGG,KEGG:00410,beta-Alanine metabolism,0.013097917591305507,5,"pyd3,CG9527,Acox57D-d,su(r),CG15093"
KEGG,KEGG:00040,Pentose and glucuronate interconversions,0.013097917591305507,7,"CG2767,betaGlu,CG6084,Ugt304A1,CG7322,CG3597,Ugt36A1"
KEGG,KEGG:00260,"Glycine, serine and threonine metabolism",0.01892360872581552,5,"CG11241,Eip55E,CG6287,Pglym78,aay"
KEGG,KEGG:00450,Selenocompound metabolism,0.04864204639974407,3,"Eip55E,CG1427,Sps2"
TF,TF:M02370,Factor: vis; motif: TGACAG,0.012110658399215534,195,"Patr-1,CG11155,PlexB,CG8108,CG32091,CG7470,CG32521,sick,pyd3,Rbfox1,Dab,CG34347,sdk,mnd,CG7530,CG31248,pon,CG17716,GABA-B-R2,CG3902,CG13124,olf186-M,CG30287,Cyp9f2,CG6310,CG43867,CG13907,Mmp1,Ten-m,CG33099,CG30049,Slip1,CG18635,CG1146,mlt,CaMKI,fru,CG31431,CG32407,CG44085,CG3277,CG32115,CG2767,Pgk,CG32264,CG9384,snz,CG32547,betaGlu,Strica,CG5455,CG4325,tara,Tektin-C,Pglym78,CG16721,CycB3,Clk,Glyat,CG17486,mthl5,glob1,Sfxn2,lectin-46Ca,CG31793,brwl,CG42342,Ptth,CG7231,CG32181,CG43446,CG17834,CG11318,aay,Tsf2,Marc,Nna1,Cyp6w1,DIP-alpha,fuss,CG42784,CG6800,AGBE,CG30154,CG7110,CG10623,CG2678,CG4752,sut1,Ady43A,ppk8,Nep3,w-cup,CG7322,CG11593,CG31467,gol,CG2082,CG33958,CG31751,bowl,CG1722,CG12177,vari,CG10725,CG2841,TBC1D16,Reepl1,Sugb,CG31076,CG7966,Gas8,CG32845,CG3323,Spn47C,CG8128,Cyp317a1,Cyp4ac1,CAHbeta,Tim17b1,Cyp4ac2,CG31019,CG13482,sv,CG12355,CG30008,CG17597,CG30357,CG14913,CG9471,Tret1-2,CG11619,CG17036,CG3191,CG34161,t-cup,CG31883,CG6959,tomboy40,CG34160,Act79B,CG42554,Pkg21D,CG14431,ELOVL,Prx2540-2,yellow-d,CG30060,ppk27,CG12910,CG32669,CG10527,gskt,CG43110,CG34141,CG7054,CG32461,Cpr73D,CG42272,Ugt36A1,GstT2,Ca-alpha1D,CG14505,qtc,ppk17,Dh44-R2,CG8323,Nepl13,Spn27A,slgA,UQCR-11L,Mst77F,CG8080,Gem4c,Pkd2,CG11275,CG10469,miple1,Pcp,unc,CG6808,CG4984,CG6225,CG30466,CCHa1-R,CG7694,CG31807,CG8958,CG10793,CG13337,sxe2,CG44405,CG18537,tilB,CG43169"
TF,TF:M07837,Factor: vis; motif: TGACAG,0.012110658399215534,195,"Patr-1,CG11155,PlexB,CG8108,CG32091,CG7470,CG32521,sick,pyd3,Rbfox1,Dab,CG34347,sdk,mnd,CG7530,CG31248,pon,CG17716,GABA-B-R2,CG3902,CG13124,olf186-M,CG30287,Cyp9f2,CG6310,CG43867,CG13907,Mmp1,Ten-m,CG33099,CG30049,Slip1,CG18635,CG1146,mlt,CaMKI,fru,CG31431,CG32407,CG44085,CG3277,CG32115,CG2767,Pgk,CG32264,CG9384,snz,CG32547,betaGlu,Strica,CG5455,CG4325,tara,Tektin-C,Pglym78,CG16721,CycB3,Clk,Glyat,CG17486,mthl5,glob1,Sfxn2,lectin-46Ca,CG31793,brwl,CG42342,Ptth,CG7231,CG32181,CG43446,CG17834,CG11318,aay,Tsf2,Marc,Nna1,Cyp6w1,DIP-alpha,fuss,CG42784,CG6800,AGBE,CG30154,CG7110,CG10623,CG2678,CG4752,sut1,Ady43A,ppk8,Nep3,w-cup,CG7322,CG11593,CG31467,gol,CG2082,CG33958,CG31751,bowl,CG1722,CG12177,vari,CG10725,CG2841,TBC1D16,Reepl1,Sugb,CG31076,CG7966,Gas8,CG32845,CG3323,Spn47C,CG8128,Cyp317a1,Cyp4ac1,CAHbeta,Tim17b1,Cyp4ac2,CG31019,CG13482,sv,CG12355,CG30008,CG17597,CG30357,CG14913,CG9471,Tret1-2,CG11619,CG17036,CG3191,CG34161,t-cup,CG31883,CG6959,tomboy40,CG34160,Act79B,CG42554,Pkg21D,CG14431,ELOVL,Prx2540-2,yellow-d,CG30060,ppk27,CG12910,CG32669,CG10527,gskt,CG43110,CG34141,CG7054,CG32461,Cpr73D,CG42272,Ugt36A1,GstT2,Ca-alpha1D,CG14505,qtc,ppk17,Dh44-R2,CG8323,Nepl13,Spn27A,slgA,UQCR-11L,Mst77F,CG8080,Gem4c,Pkd2,CG11275,CG10469,miple1,Pcp,unc,CG6808,CG4984,CG6225,CG30466,CCHa1-R,CG7694,CG31807,CG8958,CG10793,CG13337,sxe2,CG44405,CG18537,tilB,CG43169"
TF,TF:M02345,Factor: hth; motif: TGACAG,0.012110658399215534,195,"Patr-1,CG11155,PlexB,CG8108,CG32091,CG7470,CG32521,sick,pyd3,Rbfox1,Dab,CG34347,sdk,mnd,CG7530,CG31248,pon,CG17716,GABA-B-R2,CG3902,CG13124,olf186-M,CG30287,Cyp9f2,CG6310,CG43867,CG13907,Mmp1,Ten-m,CG33099,CG30049,Slip1,CG18635,CG1146,mlt,CaMKI,fru,CG31431,CG32407,CG44085,CG3277,CG32115,CG2767,Pgk,CG32264,CG9384,snz,CG32547,betaGlu,Strica,CG5455,CG4325,tara,Tektin-C,Pglym78,CG16721,CycB3,Clk,Glyat,CG17486,mthl5,glob1,Sfxn2,lectin-46Ca,CG31793,brwl,CG42342,Ptth,CG7231,CG32181,CG43446,CG17834,CG11318,aay,Tsf2,Marc,Nna1,Cyp6w1,DIP-alpha,fuss,CG42784,CG6800,AGBE,CG30154,CG7110,CG10623,CG2678,CG4752,sut1,Ady43A,ppk8,Nep3,w-cup,CG7322,CG11593,CG31467,gol,CG2082,CG33958,CG31751,bowl,CG1722,CG12177,vari,CG10725,CG2841,TBC1D16,Reepl1,Sugb,CG31076,CG7966,Gas8,CG32845,CG3323,Spn47C,CG8128,Cyp317a1,Cyp4ac1,CAHbeta,Tim17b1,Cyp4ac2,CG31019,CG13482,sv,CG12355,CG30008,CG17597,CG30357,CG14913,CG9471,Tret1-2,CG11619,CG17036,CG3191,CG34161,t-cup,CG31883,CG6959,tomboy40,CG34160,Act79B,CG42554,Pkg21D,CG14431,ELOVL,Prx2540-2,yellow-d,CG30060,ppk27,CG12910,CG32669,CG10527,gskt,CG43110,CG34141,CG7054,CG32461,Cpr73D,CG42272,Ugt36A1,GstT2,Ca-alpha1D,CG14505,qtc,ppk17,Dh44-R2,CG8323,Nepl13,Spn27A,slgA,UQCR-11L,Mst77F,CG8080,Gem4c,Pkd2,CG11275,CG10469,miple1,Pcp,unc,CG6808,CG4984,CG6225,CG30466,CCHa1-R,CG7694,CG31807,CG8958,CG10793,CG13337,sxe2,CG44405,CG18537,tilB,CG43169"
TF,TF:M07758,Factor: achi; motif: TGACAN,0.012110658399215534,195,"Patr-1,CG11155,PlexB,CG8108,CG32091,CG7470,CG32521,sick,pyd3,Rbfox1,Dab,CG34347,sdk,mnd,CG7530,CG31248,pon,CG17716,GABA-B-R2,CG3902,CG13124,olf186-M,CG30287,Cyp9f2,CG6310,CG43867,CG13907,Mmp1,Ten-m,CG33099,CG30049,Slip1,CG18635,CG1146,mlt,CaMKI,fru,CG31431,CG32407,CG44085,CG3277,CG32115,CG2767,Pgk,CG32264,CG9384,snz,CG32547,betaGlu,Strica,CG5455,CG4325,tara,Tektin-C,Pglym78,CG16721,CycB3,Clk,Glyat,CG17486,mthl5,glob1,Sfxn2,lectin-46Ca,CG31793,brwl,CG42342,Ptth,CG7231,CG32181,CG43446,CG17834,CG11318,aay,Tsf2,Marc,Nna1,Cyp6w1,DIP-alpha,fuss,CG42784,CG6800,AGBE,CG30154,CG7110,CG10623,CG2678,CG4752,sut1,Ady43A,ppk8,Nep3,w-cup,CG7322,CG11593,CG31467,gol,CG2082,CG33958,CG31751,bowl,CG1722,CG12177,vari,CG10725,CG2841,TBC1D16,Reepl1,Sugb,CG31076,CG7966,Gas8,CG32845,CG3323,Spn47C,CG8128,Cyp317a1,Cyp4ac1,CAHbeta,Tim17b1,Cyp4ac2,CG31019,CG13482,sv,CG12355,CG30008,CG17597,CG30357,CG14913,CG9471,Tret1-2,CG11619,CG17036,CG3191,CG34161,t-cup,CG31883,CG6959,tomboy40,CG34160,Act79B,CG42554,Pkg21D,CG14431,ELOVL,Prx2540-2,yellow-d,CG30060,ppk27,CG12910,CG32669,CG10527,gskt,CG43110,CG34141,CG7054,CG32461,Cpr73D,CG42272,Ugt36A1,GstT2,Ca-alpha1D,CG14505,qtc,ppk17,Dh44-R2,CG8323,Nepl13,Spn27A,slgA,UQCR-11L,Mst77F,CG8080,Gem4c,Pkd2,CG11275,CG10469,miple1,Pcp,unc,CG6808,CG4984,CG6225,CG30466,CCHa1-R,CG7694,CG31807,CG8958,CG10793,CG13337,sxe2,CG44405,CG18537,tilB,CG43169"
TF,TF:M02325,Factor: achi; motif: TGACAG,0.012110658399215534,195,"Patr-1,CG11155,PlexB,CG8108,CG32091,CG7470,CG32521,sick,pyd3,Rbfox1,Dab,CG34347,sdk,mnd,CG7530,CG31248,pon,CG17716,GABA-B-R2,CG3902,CG13124,olf186-M,CG30287,Cyp9f2,CG6310,CG43867,CG13907,Mmp1,Ten-m,CG33099,CG30049,Slip1,CG18635,CG1146,mlt,CaMKI,fru,CG31431,CG32407,CG44085,CG3277,CG32115,CG2767,Pgk,CG32264,CG9384,snz,CG32547,betaGlu,Strica,CG5455,CG4325,tara,Tektin-C,Pglym78,CG16721,CycB3,Clk,Glyat,CG17486,mthl5,glob1,Sfxn2,lectin-46Ca,CG31793,brwl,CG42342,Ptth,CG7231,CG32181,CG43446,CG17834,CG11318,aay,Tsf2,Marc,Nna1,Cyp6w1,DIP-alpha,fuss,CG42784,CG6800,AGBE,CG30154,CG7110,CG10623,CG2678,CG4752,sut1,Ady43A,ppk8,Nep3,w-cup,CG7322,CG11593,CG31467,gol,CG2082,CG33958,CG31751,bowl,CG1722,CG12177,vari,CG10725,CG2841,TBC1D16,Reepl1,Sugb,CG31076,CG7966,Gas8,CG32845,CG3323,Spn47C,CG8128,Cyp317a1,Cyp4ac1,CAHbeta,Tim17b1,Cyp4ac2,CG31019,CG13482,sv,CG12355,CG30008,CG17597,CG30357,CG14913,CG9471,Tret1-2,CG11619,CG17036,CG3191,CG34161,t-cup,CG31883,CG6959,tomboy40,CG34160,Act79B,CG42554,Pkg21D,CG14431,ELOVL,Prx2540-2,yellow-d,CG30060,ppk27,CG12910,CG32669,CG10527,gskt,CG43110,CG34141,CG7054,CG32461,Cpr73D,CG42272,Ugt36A1,GstT2,Ca-alpha1D,CG14505,qtc,ppk17,Dh44-R2,CG8323,Nepl13,Spn27A,slgA,UQCR-11L,Mst77F,CG8080,Gem4c,Pkd2,CG11275,CG10469,miple1,Pcp,unc,CG6808,CG4984,CG6225,CG30466,CCHa1-R,CG7694,CG31807,CG8958,CG10793,CG13337,sxe2,CG44405,CG18537,tilB,CG43169"
TF,TF:M07918,Factor: CG12769; motif: TCCCNCRGGA,0.017704005292345986,6,"IKKbeta,CG33958,E(spl)mgamma-HLH,CG2841,CG30060,tap"
TF,TF:M02323,Factor: Trl; motif: YYNCTCTCTN,0.02142101821121607,66,"Wsck,Cyp6a9,PCB,CG7992,boi,pyd3,CG34347,l(1)G0193,Kank,CG17716,CG31955,olf186-M,E23,CG13907,Hnf4,Parp,Tep2,Ten-m,CG30089,Dscam1,Samuel,rau,CG1146,Mcr,D2hgdh,Acox57D-d,CalpA,Set2,Strica,tara,tna,brk,CycB3,mth,aay,CG42784,Nep3,w-cup,CG12502,ced-6,CG12744,bowl,capu,Cyp6a20,wit,CG31076,CG31612,CG12512,CG32182,Sytbeta,Oaz,CG15706,CG10365,Pkg21D,CG10527,CG43110,CG11997,CG12539,CG42272,qtc,CG8323,cu,CG12057,CG6225,CG7694,lz"
TF,TF:M00092_1,Factor: BR-C; motif: NNBTNTNCTATTTNTT; match class: 1,0.02420606489489987,12,"pyd3,CG33217,CARPB,glob1,CG30183,Gyg,CG12883,CG17145,CG32147,CG44245,CG12539,Lectin-galC1"
WP,WP:WP144,Glycolysis and Gluconeogenesis,0.005068508640521373,3,"PCB,Pglym78,fbp"
